#dryL,dryU,rainL,rainU,rain
48,58,27,33,0.019991999999999992
64,78,21,25,0.0434608695652174
58,70,0,0,0
1440,1440,1440,1440,0
